country,1960,1961,1962,1963,1964,1965,1966,1967,1968,1969,1970,1971,1972,1973,1974,1975,1976,1977,1978,1979,1980,1981,1982,1983,1984,1985,1986,1987,1988,1989,1990,1991,1992,1993,1994,1995,1996,1997,1998,1999,2000,2001,2002,2003,2004,2005,2006,2007,2008,2009,2010,2011,2012,2013,2014,2015,2016,2017,2018,2019,2020,2021
Aruba,,,,,,,,,,,,,,,,,,,,,,,,,,,,,,,,,,,,1.12,,,,,,,,,,,,,,,,,,,,,,,,,,
Afghanistan,0.035,,,,,0.063,,,,,0.065,,,,,,,,,,,0.077,,,,,0.183,0.179,,0.129,0.109,,,0.143,,,,0.11,,,,0.208,,,,,0.166,0.182,0.183,0.22,0.245,0.259,0.247,0.291,0.304,0.291,0.284,0.245,0.304,0.214,0.254,
Angola,0.067,,,,,0.076,,,,,0.116,,,,,,,,,,,,,,0.059,,,,,,0.042,,,,,,,0.059,,,,,,,0.062,,,,,0.131,,,,,,,,0.212,0.211,,,
Albania,0.276,,,,,0.481,,,,,0.739,0.911,0.845,,,,,1.04,,,1.37,,,1.42,1.41,1.41,,,,,1.37,1.45,1.59,1.37,1.28,1.29,1.31,1.32,1.34,,1.36,1.3,1.17,1.2,1.21,,1.21,1.22,,1.25,1.25,1.23,1.28,1.28,,,1.22,,2.16,1.65,1.88,
Andorra,,,,,,,,,,,,,,,,,,,,,,,,,,,,,,,,,,,,2.27,,2.44,2.48,,2.54,2.58,2.87,3.3,3.11,3.2,3.04,3.18,,3.6,,,,,,3.63,,,,,,
UAE,,,,,,,,,,,0.909,,,,,,,,,,1.07,,,,0.953,,,,,,,,,,,,,,,,1.72,1.9,1.92,2.02,1.95,1.63,1.44,1.48,1.66,1.5,1.43,1.5,1.56,1.83,2.08,2.3,2.47,2.55,2.66,2.76,2.88,
Argentina,1.35,,,,,1.67,,,,,1.89,,,,,1.87,,,,,,,,,2.68,2.71,2.98,,3.03,,2.68,,2.65,,,,,,3,,,3.25,,,3.19,,,,,,,,,3.94,,3.97,3.99,3.98,,4.07,3.9,
Armenia,,,,,,,,,,,,,,,,,,,,,,,,,,,,,,,,,,,,,,,,,2.62,2.55,2.5,2.4,2.41,2.51,2.53,2.61,2.67,2.7,2.77,2.82,2.87,2.9,2.92,2.96,,4.55,,,,
American Samoa,,,,,,,,,,,,,,,,,,,,,,,,,0.772,,,,,,,,,,,,,,,0.781,,,,,,,,,,,,,,,,,,,,,,
Antigua and Barbuda,0.294,,,,,,,,,,0.349,,,,,,,,,,,,,,,,,,,,0.76,0.919,,3.03,,0.76,1.14,,,0.163,,,,,,,,1.76,0.54,,,,,,,,,2.9,,,,
Australia,,1.1,,,,,1.2,,,,,1.2,,,,,1.5,,,,,1.8,,,1.8,1.9,2,2.1,2.1,2.1,2.17,2.34,2.37,2.4,2.44,2.48,2.4,2.4,2.4,2.45,2.49,2.57,2.56,2.63,2.71,2.78,2.84,3.01,3.02,3.12,3.36,3.31,3.31,3.37,3.45,3.5,3.58,3.68,3.75,3.83,4.1,
Austria,1.2,1.4,1.4,1.4,1.4,1.4,1.4,1.4,1.4,1.4,1.4,1.4,1.4,1.4,1.4,1.5,1.5,1.5,1.5,1.6,,,,,,,,,,,3.01,3.09,3.21,3.3,3.41,3.51,3.59,3.67,3.79,3.79,3.88,3.99,4.06,4.15,4.23,4.35,4.48,4.56,4.63,4.72,4.83,4.88,4.93,5.02,5.08,5.13,5.13,5.18,5.24,5.32,5.35,5.46
Azerbaijan,,,,,,,,,,,,,,,,,,,,,3.36,,,,,3.8,3.88,3.91,3.96,3.99,3.7,3.73,3.69,3.72,3.68,3.7,3.67,3.61,3.54,3.52,3.54,3.51,3.52,3.51,3.51,3.53,3.51,3.65,3.61,3.6,3.58,3.36,3.41,3.37,3.36,3.29,3.23,3.16,3.2,3.11,,
Burundi,0.01,,,,,0.017,,,,,0.017,,,,,0.012,,,,,,,,,0.047,,0.058,,,,0.058,0.059,,0.056,,0.055,,,,,0.052,,,,0.028,,,,,,0.046,0.038,0.051,0.055,0.058,0.047,,0.097,0.094,,0.07,0.065
Belgium,1.3,1.3,1.4,1.4,1.4,1.5,1.5,1.5,1.6,1.6,,1.5,1.6,1.7,1.8,1.9,1.9,2,2.1,2.2,2.3,2.4,2.5,2.8,2.7,2.8,2.9,3,3.1,3.2,3.27,3.33,3.4,3.46,3.52,3.56,3.62,3.69,3.74,2.8,2.83,2.84,2.85,2.85,2.86,2.86,2.88,2.9,2.92,2.92,2.92,2.94,2.95,2.97,2.98,3.02,3.08,3.08,3.12,3.16,3.21,6.26
Benin,0.04,,,,,0.03,,,,,0.034,,,,,,,,,,0.059,0.059,,0.075,,0.073,,,,0.071,0.051,0.042,0.055,0.057,0.061,0.058,,,,,,,,,0.039,,,,0.061,,0.054,0.056,,,,,0.046,,0.076,0.062,,
Burkina Faso,0.011,,,,,0.014,,,,,0.01,,,,,,,,,,0.018,0.018,,0.018,,,0.004,,,0.029,,,,,,0.034,0.035,0.038,,,,0.04,,,0.053,,,,0.031,0.043,0.044,0.037,0.046,0.046,0.047,0.064,0.062,0.082,0.083,0.091,,
Bangladesh,,,,,,0.123,,,,,0.119,,,,,,,,,,0.12,,,,,0.154,0.144,,,,0.177,0.188,,,,0.201,,0.2,,,,0.247,,0.268,0.277,0.304,0.313,0.326,0.339,0.353,0.362,0.382,0.397,0.418,0.484,0.481,0.492,0.536,0.573,0.627,0.656,0.67
Bulgaria,1.41,,,,,1.67,,,,,1.86,1.9,1.99,2.04,2.1,2.15,2.21,2.26,2.32,2.41,2.46,2.48,2.59,2.69,2.76,2.87,2.95,3.02,,,3.25,3.07,3.12,3.31,3.29,3.43,3.52,3.44,3.46,,3.4,3.38,3.47,3.55,3.48,3.6,3.62,3.61,3.58,3.66,3.68,3.76,3.82,3.89,3.91,3.97,,,4.17,,,
Bahrain,0.45,,,,,,,,,,0.429,,,,,,,,,,1.09,,,,,1.22,,,,,,1.31,,,,,,1,,,0.953,1.02,1.06,1.05,0.963,1.03,1,1.01,0.993,0.974,0.971,0.997,1.02,0.994,0.976,0.932,0.842,,,,,
Bahamas,0.496,,,,,,,,,,0.76,,,,,,,,,,0.938,,,,0.943,,,,,,1.29,,,1.45,,1.49,1.52,,0.989,,,,,,,,,,2.61,,,2.2,,,,,,1.85,,,,
Bosnia and Herzegovina,,,,,,,,,,,,,,,,,,,,,1.03,1.09,1.17,1.21,1.28,1.36,1.42,1.49,,,1.56,1.56,,,,,,,,,1.31,1.3,1.3,1.33,1.37,1.41,1.46,1.54,1.59,1.67,1.75,1.84,1.91,1.99,2.08,2.1,,,,,,
Belarus,,,,,,,,,,,,,,,,,,,,,,,,,,,,,,,2.91,2.9,2.94,2.96,3.02,3.05,3.12,3.16,3.23,3.29,3.3,,,,,,,,,,,4.62,4.7,4.72,4.88,5.05,4.28,4.33,4.39,4.43,,
Belize,0.242,,,,,,,,,,0.342,,,,,,,,,,,,,,0.272,,0.451,,0.472,,0.639,,,0.493,,0.6,0.548,,,,1.04,,,,,,,,,0.767,,,1.15,,,,,1.13,1.08,,,
Bermuda,,,,,,,,,,,,,,,,,,,,,,,,,,,,,,,,,,,,1.2,,1.77,,,,,,,,,,,,,,,,,,,,,,,,
Bolivia,0.267,,,,,0.311,,,,,0.509,,,,,0.49,,,,,,0.523,,,0.697,,,,,,0.45,,,0.426,,0.34,,,,,,1.18,,,,,,0.326,,,0.431,0.459,,,,,1.56,1.01,,,,
Brazil,0.374,,,,,0.4,,,,,0.492,,,,,0.624,,,,,,0.767,,,0.927,1.47,,,1.19,,1.07,,1.13,1.16,1.18,1.21,1.25,1.28,1.27,1.36,,,,,,,,,,,,1.84,,1.88,,,,2.16,,2.3,,2.14
Barbados,0.329,,,,,,,,,,0.523,,,,,,,,,,,,,,0.891,,,,,,1.14,,,1.25,,1.36,,,,,1.38,1.58,,,,1.81,,,,,,,,,,,,2.55,,,,
Brunei,,,,,,,,,,,0.3,,,,,,,,,,0.435,0.487,,,0.534,,,,,,,0.746,,,,,0.848,,,,1.01,,1.15,,1.28,1.06,1.07,1.04,1.47,1.14,1.42,1.51,1.47,1.59,1.49,1.75,,1.59,,,,1.91
Bhutan,,,,,,,,,,,,,,,,,,,,,,0.125,0.102,,,,,,,,0.333,,,,0.17,0.16,,,,0.051,,,,,0.182,,,0.211,0.248,,,,0.269,0.279,0.331,0.338,0.399,0.31,0.42,0.335,0.484,0.56
Botswana,0.042,,,,,0.036,,,,,0.064,,,,,0.133,,,,,0.123,0.134,,0.144,,,,,0.2,0.194,,,,0.194,0.238,,,,0.256,0.3,0.289,0.29,0.299,0.288,0.385,0.246,0.306,0.36,0.357,0.338,0.392,0.384,0.377,,,,0.353,,0.348,,,
Central African Republic,0.02,,,,,0.03,,,,,0.023,,,,,,,,,,0.043,0.044,0.043,,,,,,,0.039,0.038,,,0.055,,0.035,,,,,,,,,0.08,,,,0.0405,0.045,,,,,,0.067,,,0.066,,,
Canada,,1.1,1.2,1.3,1.3,1.3,1.3,1.3,1.3,1.4,1.4,1.5,1.6,1.6,1.6,1.7,1.7,1.7,1.8,1.8,1.8,1.8,1.9,1.9,1.9,2,2,2.1,2.1,2.1,2.1,2.1,2.1,2.2,2.1,2.1,2.1,2.1,1.86,2.1,,1.89,1.9,,1.9,,1.91,,1.96,,2.04,,2.4,2.45,2.5,2.54,2.31,2.61,2.43,2.44,2.43,2.46
Channel Islands,1.02,,,,,,,,,,1.2,,,,,,,,,,1.46,1.52,,,,,,,,,,,,,,,,,,,,,,,,,,,,,,,,,,,,,,,,
Switzerland,1.4,1.4,1.4,1.4,1.4,1.4,1.4,1.4,1.4,1.5,1.5,1.6,1.6,1.7,1.8,1.9,2,2.1,2.2,2.4,2.5,2.6,2.6,2.6,2.6,2.7,2.8,2.9,3,2.9,2.98,3.03,3.01,3.06,3.12,3.17,3.21,3.27,3.33,3.36,3.51,3.52,3.56,3.66,3.7,3.74,3.79,3.79,3.82,3.84,3.81,3.83,3.92,4.04,4.13,4.2,4.25,4.3,4.34,4.35,4.39,4.44
Chile,0.559,,,,,0.473,,,,,0.463,,,,,,,,,0.516,,,,,0.817,,,,,,1.1,1.07,0.99,,,,,,,,,,0.892,0.946,0.984,0.981,1.04,1.04,1.04,1.03,1.44,1.59,1.75,1.89,2.04,2.16,2.31,2.46,2.6,2.65,2.81,2.97
China,,,,,,1.07,0.96,0.94,0.91,0.88,0.86,0.85,0.86,0.89,0.92,0.96,1,1.03,,1.12,,1.25,1.3,1.32,1.33,,1.35,1.37,1.47,1.54,1.13,,,,,1.19,1.2,1.22,1.21,1.24,1.27,1.29,1.14,1.19,1.22,1.24,1.28,1.3,1.35,1.42,1.46,1.49,1.56,1.66,1.72,1.8,1.89,2.01,2.12,2.26,2.39,
Cote d'Ivoire,0.033,,,,,0.048,,,,,0.064,,,,,,,,,,,,,,,0.071,,,,,0.088,,,,,,0.09,,,,,,,,0.112,0.09,,,0.136,,,0.149,,,0.228,,,,0.22,0.16,,
Cameroon,0.034,,,,,0.037,,,,,0.034,,,,,0.072,,,,0.071,,,,,,,,,,0.084,0.082,,0.084,0.073,,,0.074,,,,,,,,0.186,0.061,,0.072,,0.07,0.086,0.09,,,,,,,0.13,,0.097,0.124
"Congo, Dem. Rep.",0.015,,,,,0.028,,,,,0.035,,,,,0.036,,,,0.073,,,,,,,,0.075,,,0.066,,,,,,0.069,,,,,,,,0.107,,,,,0.091,,,,0.087,,,,,0.362,,,
"Congo, Rep.",0.06,,,,,0.068,,,,,0.101,,,,,,,,0.174,,,,0.119,,,0.252,0.252,,,,0.276,,,,,0.251,,,0.734,,,,,,0.213,,0.205,0.101,,,0.111,0.158,,,,,0.102,,0.1,,,
Colombia,0.354,,,,,0.377,,,,,0.42,,,,,,,0.478,,,,,,,,,,,,,0.803,0.859,0.917,0.958,1,1.05,1.09,1.13,1.18,1.22,1.26,1.28,1.32,1.35,1.39,1.43,1.47,1.51,1.56,1.62,1.66,1.73,1.78,1.85,1.93,1.99,2.06,2.13,2.2,2.26,2.33,2.36
Comoros,,,,,,,,,,,,,,,,,,,,,,,,,0.084,,,,0.163,,0.113,,0.127,,,,,0.074,,,,,,,0.198,0.196,,,,0.199,,,0.18,,,,0.29,,0.283,,,
Cape Verde,0.077,,,,,,,,,,0.082,,,,,,,,,,0.176,,,0.2,,,0.329,,0.342,,,,0.234,,,,0.171,,,,,,,,0.493,,,,,0.487,0.56,0.554,0.487,0.571,,0.743,0.731,,0.791,,,
Costa Rica,0.391,,,,,0.517,,,,,0.614,,,,,,,,,0.679,,,,,0.99,,,0.968,0.881,,1.26,,,0.883,0.845,0.854,0.864,0.872,0.901,1.72,1.31,,,,,,2.03,2.07,2.14,2.2,2.28,2.35,2.43,2.52,2.62,2.71,2.88,3,2.87,3.21,2.72,2.77
Cuba,0.946,,,,,0.876,,,,,0.822,,,,,,,,,,,1.39,,,1.89,,,,3,,3.64,3.98,4.34,4.71,4.97,5.2,5.49,5.69,5.75,5.86,5.94,5.95,6,6.07,6.21,6.28,6.35,6.43,6.61,6.64,6.78,6.96,7.26,7.39,7.55,7.76,7.95,8.3,8.43,,,
Cayman Islands,,,,,,,,,,,,,,,,,,,,,,,,,,,,,,,1.7,,,,,1.7,,1.94,,,,,,,,,,,,,,,,,,,,,,,,
Cyprus,,,,,,,,,,,,,,,,,,,,,,,,,,,,,,,1.52,1.58,1.69,1.75,1.81,1.86,1.87,1.88,1.88,,1.9,1.91,1.87,1.85,1.9,1.88,1.82,2,2.03,2.08,2.12,2.21,2.25,2.36,2.45,2.57,1.91,2.75,2.91,3.07,,5.38
Czech Republic,,,,,,,,,,,1.8,1.9,1.9,1.9,2,2,2.1,2.1,2.1,2.2,,,,,,,,,,,2.72,2.68,2.68,2.87,2.94,3,2.99,3.12,3.04,3.09,3.38,3.44,3.49,3.51,3.5,3.54,3.55,3.56,3.56,3.58,3.6,3.64,3.67,3.69,3.93,3.95,4.02,4.07,4.07,4.12,4.16,5.47
Germany,,,,,,,,,,,,,,,,,,,,,,,,,,,,,,,,2.76,2.84,2.94,3.01,3.08,3.12,3.14,3.18,3.22,3.27,3.33,3.36,3.4,3.43,3.45,3.49,3.53,3.58,3.65,3.73,3.82,3.89,3.98,4.06,4.12,4.19,4.25,4.31,4.39,4.46,4.52
Djibouti,0.157,,,,,,,,,,0.284,,,,,,,,,,,0.224,,,0.238,,,,,,0.162,,,,,0.191,0.14,,,0.129,,,,,0.158,0.169,0.218,,,,,,,,0.203,,,,,,,
Dominica,0.133,,,,,,,,,,0.161,,,,,,,,,,,,,,0.339,,,,,,0.46,0.528,,,,0.47,0.493,0.55,,,,1.82,,,,,,,,,,,,,,,,1.14,1.12,,,
Denmark,,,,,,,,,,,,,,,,,,,,,,,,,,,,,,,2.49,2.43,2.6,2.61,2.64,2.68,2.7,2.78,2.86,2.88,2.91,2.93,3.04,3.08,3.22,3.32,3.41,3.45,3.57,3.65,3.72,3.79,3.83,3.84,3.87,3.93,4.01,4.13,4.21,4.26,,
Dominican Republic,0.121,,,,,0.588,,,,,,,,,,0.435,,,,,,,,,0.564,,,,1.07,,1.49,,,1.05,,1.5,,2.16,,,1.83,,,,,,,,1.09,,,1.51,,,,,,,1.39,1.43,,
Algeria,0.173,,,,,0.116,,,,,0.123,,,,,,,,,0.38,,,,,0.427,,,,0.429,,0.942,,,0.821,,0.846,,,1,,,,1.12,,,1.03,,1.2,,,,,,,,,1.84,,1.73,,,
Ecuador,0.396,,,,,0.335,,,,,0.348,,,,,0.351,,0.637,,,,,,,,,,,,,0.936,1.14,1.18,1.09,1.26,1.23,1.31,1.32,1.31,1.38,1.45,1.55,1.57,1.5,,,,,,1.6,2.11,1.66,,,,2.07,2.04,2.23,,,,
Egypt,0.391,,,,,0.435,,,,,0.527,,,,,0.536,,,,,1.06,1.36,1.36,,,,1.3,,,,0.76,,,,1.84,,2.02,1.6,,,2.12,,,0.507,,,,,,,,,,,0.745,0.777,0.778,0.757,0.73,0.709,,
Eritrea,,,,,,,,,,,,,,,,,,,,,,,,,,,,,,,,,,0.019,,,0.03,,,,0.042,0.039,0.052,0.039,0.051,0.043,0.047,0.042,0.042,0.042,0.041,0.042,0.047,0.052,0.061,0.064,0.067,0.066,0.081,0.071,0.082,
Spain,,,,,,,,,,,,,,,,,,,,,,,,,,,,,,,2.05,3.93,3.98,4.04,4.09,4.08,2.74,2.86,2.91,3.04,3.12,3.13,3.13,3.22,3.44,3.54,3.62,3.56,3.54,3.6,3.76,3.84,3.83,3.81,3.8,3.85,3.82,3.88,4.02,4.4,4.58,
Estonia,,,,,,,,,,,,,,,,,,,,,2.94,,,,,3.35,3.41,3.48,,,3.5,3.53,3.25,3.19,3.17,3.16,3.11,3.19,2.95,2.99,2.94,2.78,2.96,3,3.02,3.14,3.18,3.26,3.34,3.28,3.24,3.29,3.28,3.33,3.36,3.42,3.46,3.47,3.48,3.47,3.86,
Ethiopia,0.009,,,,,0.014,,,,,0.012,,,,,0.012,,,,,0.011,0.011,,,0.013,,,,0.031,,,,,,0.029,,0.025,0.023,0.021,0.02,0.021,0.028,0.029,0.027,0.027,0.032,0.027,0.022,0.025,0.025,,,,,,,,,0.076,,0.104,
Finland,,,,,,,,,,,,,,,,,,,,,,,,,,,,,,,2.9,2.98,3.06,3.13,3.21,2.19,2.26,2.29,2.32,2.4,2.5,2.5,2.53,2.56,3.65,3.67,3.69,3.73,3.74,3.77,3.44,3.54,3.56,3.39,3.45,3.42,3.42,3.46,3.48,4.3,4.33,
Fiji,0.495,,,,,,,,,,0.471,,,,,0.476,,,,,0.448,,0.494,,,,,,,0.358,,,0.472,,0.376,,,0.476,0.357,0.329,,,,0.443,,,,,0.376,0.413,,,,0.773,,0.814,,,,,,
France,,,,,,,,,,,1.2,1.3,1.3,1.4,1.4,1.5,1.5,1.6,1.7,1.8,1.9,2,2.1,2.1,2.5,2.7,2.8,2.8,2.9,3,3.12,3.17,3.22,3.25,3.29,3.31,3.33,3.34,3.35,3.35,3.38,3.41,3.44,3.45,3.47,3.48,3.47,3.45,3.44,3.39,3.4,3.17,3.19,3.21,3.23,3.24,3.25,3.27,3.28,3.31,3.32,
"Micronesia, Fed. Sts.",,,,,,,,,,,,,,,,,,,,,,,,,,,,,,,,,,0.451,,,,,,0.573,0.573,,,0.537,,0.559,,,0.589,0.194,,,0.665,,,,,,,,0.963,
Gabon,0.117,,,,,,,,,,0.191,,,,,,,,,,,0.457,,0.433,,0.518,,,0.246,0.494,,0.187,,0.211,0.253,0.286,,,,,,,,,0.279,,,,0.0968,,,,,,,,0.343,0.658,0.624,0.61,0.594,
Isle of Man,0.248,,,,,0.26,,,,,0.308,,,,,,,,,,,0.684,,,,,0.787,,,,0.577,,,,,,,,,,,,,,,,,,,,1.45,,,,,,,,,,,
UK,0.8,0.9,0.9,0.9,0.9,0.9,0.9,0.9,0.9,0.9,0.9,1,1,1.1,1.1,1.1,1.2,1.2,1.2,1.3,,,,,,,,,,,1.62,1.63,1.65,1.68,1.7,1.76,1.8,1.85,1.9,1.91,1.99,2.04,2.11,2.2,2.33,2.41,2.46,2.49,2.57,2.65,2.66,2.69,2.7,2.71,2.74,2.77,2.78,2.81,2.83,2.94,3.04,3.17
Georgia,,,,,,,,,,,3.2,3.3,3.32,3.4,3.48,3.63,3.72,3.81,3.95,4,4.12,4.21,4.32,4.33,4.47,4.61,4.7,4.81,4.87,4.97,4.93,4.9,4.73,5,4.9,4.79,3.12,3.71,3.85,3.93,3.92,3.85,3.99,4.04,4.03,4.06,4.12,4.16,4.27,4.51,4.75,4.81,4.79,4.83,5.11,5.34,6.39,6.51,7.55,7.5,4.82,5.41
Ghana,0.047,,,,,0.073,,,,,0.078,,,,,0.078,,,,,,,,,0.067,,,0.049,,0.043,,,,,,,0.062,,,,,,0.09,,0.148,,,0.07,0.076,0.082,0.091,0.095,0.093,0.099,0.107,0.113,0.122,0.089,0.143,0.103,0.164,
Guinea,0.036,,,,,0.022,,,,,0.02,,,,,,,,,,,0.022,0.022,,,0.026,,,,,0.134,,,,0.152,0.13,,,,,0.092,,,,0.11,0.103,,,,,,,,,0.163,0.084,0.082,,0.222,,,
Gambia,0.043,,,,,,,,,,0.041,,,,,0.04,,,,,,,,,,0.081,,,,,,,,0.016,,,,0.035,,,,,,0.1,0.103,0.1,0.102,0.09,0.096,,,,,,,0.095,,0.097,0.122,0.1,0.077,
Guinea-Bissau,0.045,,,,,,,,,,0.052,,,,,,,,,,0.141,,,,,0.144,,,,,,,,,0.177,,0.166,,,,,,,,0.14,,,,0.052,0.081,,0.062,,,,0.198,0.1,,0.165,,0.191,0.22
Equatorial Guinea,0.167,,,,,,,,,,0.086,,,,,,,,,,,,,,,,,,,,0.281,,,,,0.208,0.246,,,,,,,,0.185,,,,,,,,,,,,,0.35,,,,
Greece,1.3,1.2,1.3,1.3,1.4,1.4,1.4,1.5,1.5,1.6,1.6,1.7,1.7,1.9,2,2,2.1,2.2,2.3,2.3,2.4,2.5,2.6,2.8,2.9,2.9,3.1,3.3,,,3.33,3.58,3.7,3.8,3.8,3.84,3.84,3.96,4.09,4.2,,,,,,5,5.37,5.61,5.71,5.82,5.8,5.83,5.82,5.84,5.88,5.91,6.14,6.1,6.16,6.25,6.31,
Grenada,0.222,,,,,,,,,,0.346,,,,,,,,,,,,,,0.49,,,,0.553,,0.5,,,0.578,,0.65,,0.389,,0.552,0.54,0.538,0.536,0.534,,,0.622,,,,,,,,,,,1.29,1.31,,,
Greenland,1.17,,,,,,,,,,0.905,,,,,,,,,,1.14,,,,,,,,,,,,,,,,,,,,,,,,,,,,,,,,,,,,,,,,,
Guatemala,0.184,,,,,0.271,,,,,0.274,,,,,,,,,,,,,,0.47,,,,0.26,,0.78,,,0.25,,1.1,,0.933,,0.869,,,,,,,,,,0.908,,,,,,,,0.286,0.363,,1.28,
Guam,,,,,,,,,,,,,,,,,,,,,,,,,,,1.19,,,,,,,,,,,,,1.08,,,,,,,,,,,,,,,,,,,,,,
Guyana,0.255,,,,,,,,,,0.235,,,,,0.249,,,,,,,,,0.165,0.168,,,,,0.17,,,0.112,,0.33,,0.181,,,0.482,,,,,,,,,0.214,0.689,,,,,,,,1.8,,1.41,
"Hong Kong, China",0.327,,,,,0.396,,,,,0.663,,,,,0.672,,,,,0.826,,,,,,0.932,,,,,,,1.2,1.27,1.32,,,,,,,,,,,,,,,,,,,,,,,,,,
Honduras,0.081,,,,,0.19,,,,,0.269,,,,,0.269,,,,0.331,,0.332,,,0.691,,,,0.829,,0.7,0.411,,,,0.65,,0.832,,,0.552,,,,,0.354,,,,,0.29,,,,,,0.586,0.303,,,0.489,
Croatia,,,,,,,,,,,,,,,,,,,,,1.67,1.74,1.81,1.86,1.88,,,,,,2.91,2.63,2.68,2.69,2.65,2.61,2.62,2.64,2.5,2.42,2.29,2.34,2.36,2.42,2.5,2.51,2.55,2.68,2.69,2.7,2.82,2.87,2.95,3,3.1,3.16,3.2,3.31,3.38,3.47,,
Haiti,0.105,,,,,0.07,,,,,0.08,,,,,0.081,,,,,,0.11,,,0.141,0.137,,,0.143,,0.08,,0.084,0.092,,0.16,,,0.242,,,,,,,,,,,,,0.14,,0.233,,0.086,,,0.237,,,
Hungary,1.5,1.6,1.7,1.7,1.8,1.9,1.9,2,1.9,2,2,2.1,2.1,2.2,2.2,2.2,2.3,2.3,2.4,2.5,2.3,2.3,2.4,2.4,2.5,2.5,2.6,2.7,2.7,2.7,2.94,3.03,3.01,2.96,3,3,3.04,3.08,3.08,3.11,2.69,2.89,3.2,3.25,3.34,2.79,3.04,2.81,3.1,3.02,2.87,2.96,3.09,3.21,3.32,3.1,3.21,3.33,3.38,3.49,3.14,3.29
Indonesia,0.021,,,,,0.032,,,,,0.037,,,,,0.037,,,,0.085,,0.08,,0.106,,,,,,0.142,0.144,0.148,,0.058,,,,,,,,,,0.132,,,,,,0.143,0.138,,0.199,,,0.273,,0.377,0.425,0.467,0.627,0.695
India,0.21,,,,,0.205,,,,,0.205,,,,,0.204,,,,,0.371,0.27,,,0.396,,,,0.407,,,1.22,,,,,,,,,,,,,,,,,,,,,,,,,,,0.678,,0.727,
Ireland,,,,,,,,,,,,,,,,,,,,,,,,,,,,,,,1.56,1.71,2.01,2.03,2,2.11,2.11,2.14,2.2,2.28,2.24,2.39,2.42,2.59,2.76,3.56,3.66,3.87,3.98,4.03,4.16,4.14,3.98,3.96,3.04,3.14,3.22,3.28,3.3,3.34,3.48,4.06
Iran,0.244,,,,,0.257,,,,,0.306,,,,,,,,,,,0.338,,,,,0.347,0.376,0.318,,,,,0.318,,,0.85,,1.05,,,,,,0.88,0.882,0.531,,,,,,,,1.46,1.11,,1.08,1.51,,,
Iraq,0.195,,,,,0.2,,,,,0.309,,,,,,,,,,0.563,0.568,,,,,0.596,0.576,,,0.603,,,0.603,,,,,0.55,,,0.543,,,0.658,0.66,,0.528,,,0.631,,,,0.971,,0.808,0.794,0.67,,0.913,
Iceland,1.2,1.2,1.2,1.2,1.2,1.2,1.2,1.2,1.3,1.3,1.4,1.5,1.6,1.6,1.7,1.8,1.9,1.9,2,2,2.1,2.2,2.3,2.3,2.4,2.6,2.6,2.7,2.7,2.8,2.85,2.85,2.95,2.95,2.99,3.02,3.12,3.26,3.31,3.38,3.44,3.47,3.58,3.61,3.61,3.61,3.6,3.61,3.64,3.65,3.59,3.5,3.56,3.6,3.64,3.77,3.85,3.87,3.89,3.89,,
Israel,2.47,,,,,2.5,,,,,2.88,2.97,3.16,3.3,,,,,,2.69,,,,,,,,,,,2.99,3.19,3.57,3.58,3.62,3.62,3.61,3.68,3.76,3.7,3.69,3.71,3.72,3.71,3.68,3.63,3.6,3.56,3.52,3.53,3.52,3.52,3.51,3.48,3.46,3.45,3.44,3.45,3.5,3.54,3.58,3.65
Italy,,,,,,,,,,,,,,,,,,,,,,,,,,,,,,,4.7,4.87,5.02,,,3.8,3.9,3.99,4.07,4.12,3.44,3.51,3.56,3.62,3.69,3.71,3.71,3.77,3.76,3.76,3.78,3.86,3.83,3.9,3.91,3.87,3.99,4.03,4.01,4.05,4,4.13
Jamaica,0.386,,,,,0.502,,,,,0.38,,,,,,,,,0.361,,0.359,,,0.489,,,,,,0.57,,,0.472,,0.57,,,,,,,,0.85,,,,,0.407,,,,0.365,0.482,0.392,0.429,0.472,,0.55,,,
Jordan,0.346,,,,,0.37,,,,,0.404,,,,,0.378,,,,,0.786,1.11,1.13,,1.16,,,,,,,1.35,,,1.63,,,1.66,1.01,1.96,1.89,2.06,2.22,2.29,2.06,2.27,2.26,2.36,2.2,2.16,2.34,,,2.43,2.27,2.74,,2.23,,2.51,,
Japan,1,1,1,1,1,1,1,1,1,1.1,1.1,1.1,1.1,1.1,1.1,1.1,1.1,1.2,1.2,1.2,,1.3,,,,1.5,,,,,1.65,,1.7,,1.77,,1.84,,1.89,,1.94,,1.98,,2.03,,2.08,,2.15,,2.21,,2.28,,2.35,,2.43,,2.5,,2.61,
Kazakhstan,,,,,,,,,,,,,,,,,,,,,,,,,,,,,,,3.93,3.8,3.89,3.8,3.64,3.66,3.59,3.29,3.44,3.31,3.21,3.36,3.5,3.54,3.53,3.55,3.63,3.58,3.64,3.7,3.84,3.86,3.83,3.88,3.91,3.91,4.13,3.94,3.93,3.95,4.03,
Kenya,0.092,,,,,0.075,,,,,0.125,,,,,0.127,,,,,,0.099,0.12,,,0.154,,,,,,,,0.138,,0.132,,,,,,,0.138,,,,,,0.169,0.171,0.172,0.177,0.185,0.194,0.2,,,,0.161,,,0.226
Kyrgyz Republic,,,,,,,,,,,,,,,,,,,,,,3.09,,,,,,,,,3.42,3.45,3.38,3.12,3.08,3.13,3.21,3.03,2.97,2.89,2.8,2.69,2.57,2.54,2.51,2.46,2.39,2.31,2.31,2.31,2.31,2.27,2.26,2.27,2.23,,,,,2.17,,
Cambodia,0.028,,,,,0.045,,,,,0.062,,,,,,,,,,,,,0.058,,,,,,,,,0.107,0.104,0.105,,0.112,,0.147,,0.169,,,,,,,,0.243,0.237,0.229,0.226,0.165,,0.194,,,,,0.214,,
Kiribati,0.541,,,,,,,,,,0.613,,,,,,,,,,0.516,,,,,,0.497,,,,0.193,0.176,0.186,0.13,,,,,,,,,,,,,,,0.24,,0.38,0.137,,0.194,,,,,,,,
St. Kitts and Nevis,0.235,,,,,,,,,,0.312,,,,,,,,,,0.36,,,,0.458,,,,,,0.69,0.691,0.758,0.773,0.929,1.08,1.11,1.1,1.04,1.03,,1.06,,,,,,,,,,,,,,2.87,,,3.03,,,
South Korea,,,,,,,,,,,,,,,,,,,,,,0.5,0.5,0.5,0.6,0.6,0.6,0.7,0.7,0.8,0.811,0.875,0.948,1.01,1.06,1.12,1.17,1.23,1.27,1.31,1.3,1.4,1.5,1.58,1.58,1.64,1.7,1.75,1.87,1.95,2.01,2.06,2.1,2.17,2.21,2.24,2.29,2.34,2.38,2.46,2.51,
Kuwait,0.871,,,,,1.26,,,,,0.954,,,,,,,,,,1.7,1.41,1.62,,,,1.57,,,,,,,,,1.78,,1.89,,,,,,1.9,1.5,1.8,1.46,1.88,1.88,1.91,2.47,2.48,2.43,2.45,2.6,2.6,,,,,2.29,
Lao,0.02,,,,,0.041,,,,,0.066,,,,,,0.051,,,,,,,,,0.729,,,,,0.234,,,,,0.336,,,,,0.279,,,,0.347,0.268,,,,0.197,0.332,,0.321,0.326,0.378,0.4,0.372,0.441,0.362,0.364,0.357,0.327
Lebanon,0.778,,,,,0.938,,,,,0.726,,,,,,,,,1.69,,1.71,,1.25,,,,,,1.86,,1.33,,1.86,,,,2.1,,,,2.62,,,,,2.49,2.33,,,2.32,2.7,,2.34,2.07,2.15,2.16,2.26,2.42,2.62,,
Liberia,0.077,,,,,0.08,,,,,0.079,,,,,0.08,,,,,,0.106,,0.107,,,,,,,,,,,,,,0.023,,,,,,,0.033,,,,0.014,0.023,0.022,,,,,0.036,,,0.05,,,
Libya,0.152,,,,,0.259,,,,,0.368,,,,,,,,,,1.33,1.63,1.56,1.44,,,,,,,1.07,,,1.44,,,,1.3,,,,,,,1.24,,,,1.79,1.89,,,,,2.15,1.96,,2.16,,,,
St. Lucia,0.139,,,,,,,,,,0.187,,,,,,,,,,,,,,0.285,,,,,,0.35,0.393,,0.544,,0.56,,0.473,,,,0.819,0.439,0.467,0.42,0.508,,0.185,0.159,0.104,1.68,1.84,2.18,2.49,1.89,,,0.655,,,,
Sri Lanka,0.223,,,,,0.172,,,,,0.169,,,,,0.169,,,,,,0.134,0.134,,,0.181,,,,0.146,,0.14,0.167,0.208,0.186,0.223,0.279,0.305,0.346,0.375,0.424,0.443,,,0.538,0.518,0.517,0.549,0.615,0.671,0.71,0.723,0.747,0.781,0.819,0.845,0.876,0.911,0.988,1.14,1.21,1.19
Lesotho,0.042,,,,,0.048,,,,,0.032,,,,,0.032,,,,,,,,,,0.071,,,,,0.043,,,0.05,,0.054,,,,,,,,0.045,,,,,,,0.068,,,,,,,,0.454,,,
Lithuania,,,,,,,,,,,,,,,,,,,,,,,,,,3.72,3.82,3.88,3.94,3.98,3.91,3.81,3.49,3.51,3.58,3.57,3.6,3.64,3.6,3.6,3.53,3.54,3.63,3.61,3.58,3.66,3.73,3.83,3.85,3.83,3.9,4,4.12,4.18,4.22,4.25,4.37,4.44,4.48,4.48,4.44,4.95
Luxembourg,1,1,1,1,1,1,1,1,1.1,1.1,1.1,1.2,1.2,1.2,1.2,1.3,1.3,1.3,1.5,1.6,1.7,1.5,1.7,1.7,1.7,1.8,1.9,1.8,1.9,2,2.01,2.02,2.08,2.14,2.16,2.24,2.32,2.4,2.44,2.49,2.15,2.22,2.27,2.4,2.46,2.56,2.58,2.69,2.72,2.71,2.77,2.77,2.81,2.83,2.88,2.91,2.88,2.98,,,,
Latvia,,,,,,,,,,,,,,,,,,,,,3.62,,,,,4.1,4.08,4.11,4.18,4.16,3.51,3.57,3.08,2.82,2.8,2.73,2.75,2.79,2.68,2.68,2.85,2.66,2.77,2.82,2.92,2.97,3.05,3.18,3.27,3.18,3.1,3.11,3.12,3.16,3.19,3.17,3.19,3.18,3.29,3.26,3.35,
"Macao, China",0.41,,,,,,,,,,0.634,,,,,,,,,,1.07,1.12,,,,,2.43,1.56,,,,,,,,,,,,,,,,,,,,,,,,,,,,,,,,,,
Morocco,0.106,,,,,0.082,,,,,0.076,,,,,0.076,,,,,,0.054,0.064,,,,,0.217,0.214,,,,,0.214,0.363,,,0.46,,,,0.483,,,0.532,,,0.585,,0.645,,,,0.63,0.912,,,0.732,,,,
Monaco,,,,,,,,,,,2.4,1.96,2.21,2.25,2.38,2.36,2.42,2.4,2.32,2.36,2.38,2.23,2.19,,,,,,,,,,2.73,,,,,,,,,,,,,,,,,,,6.81,6.77,8.11,7.76,,,,,,,
Moldova,,,,,,,,,,,,,,,,,,,,,2.82,2.9,3.01,3.09,3.19,3.3,3.37,3.44,,,3.46,3.38,3.4,3.44,3.46,3.42,3.48,3.51,3.58,,2.43,2.29,2.33,2.33,2.25,2.47,2.5,2.54,2.54,2.61,2.65,2.74,2.81,2.98,3.02,3.08,,4.09,,3.33,4.06,
Madagascar,0.115,,,,,0.093,,,,,0.097,,,,,0.096,,,,,,0.099,,,,0.101,,,,,0.12,,,,,0.272,0.107,,,,,0.087,0.133,0.144,0.152,0.176,0.166,0.177,0.181,0.177,0.19,0.14,0.139,0.149,0.177,,,,0.195,,,
Maldives,,,,,,,,,,,0.033,,,,,,,,,,,0.049,0.065,,,,,,,,0.07,0.19,,0.281,,,0.656,,,,,,,,1,,,1.7,,1.51,1.45,,,,1.85,,1.29,1.84,1.8,2.16,,
Mexico,,,,,,,,,,,,,,,,,,,,,,,,,,,,,,,1,1.19,1.35,1.5,1.6,1.69,1.68,1.72,1.73,1.73,1.64,1.53,1.54,1.59,1.66,1.77,1.89,1.94,1.97,2,2.03,2.13,2.14,2.18,2.26,2.36,2.36,2.42,2.47,2.47,2.44,
Marshall Islands,,,,,,,,,,,,,,,,,,,,,,,,,,,,,,,,,,,,,0.422,,,,0.471,,,,,,,0.574,,,0.599,0.623,0.46,,,,,,,,,
North Macedonia,,,,,,,,,,,0.89,0.919,0.953,1.01,1.02,1.12,1.11,1.16,1.24,1.31,,,,,,,,,,,2.15,2.2,2.26,2.19,2.19,2.27,2.23,2.24,2.24,2.18,2.19,2.17,2.21,2.15,2.16,2.11,2.49,2.42,2.57,2.57,2.65,2.69,2.74,2.76,,2.83,,,,,,
Mali,0.014,,,,,0.019,,,,,0.023,,,,,0.023,,,,,0.039,0.038,,,,0.039,,0.043,0.054,,0.051,,,,0.047,0.043,0.063,,,,0.044,,,,0.057,0.062,0.058,0.061,0.064,0.119,0.099,0.114,0.103,0.116,0.1,0.097,0.12,0.116,0.123,,,
Malta,0.891,,,,,,,,,,1.07,1.03,,,,1.28,,,,,,1.17,1.27,,1.38,,,2.03,,,2.19,2.37,2.35,2.42,,,,2.38,2.51,,2.56,3.04,3.22,3.08,,,,,3.32,1.9,2.13,2.21,2.31,2.4,2.56,2.72,,,,,,5.49
Myanmar,0.065,,,,,0.085,,,,,0.114,,,,,,,,,,,0.203,,,,0.27,,,,0.081,0.078,,,,,0.293,,,,0.297,0.302,,,,0.376,0.389,0.426,0.45,0.487,0.501,0.535,0.564,0.594,,,,0.633,0.882,0.69,0.751,,
Montenegro,,,,,,,,,,,,,,,,,,,,,,,,,,,,,,,,,,,,,,,,1.8,1.82,1.85,1.84,1.8,1.88,1.9,1.95,1.95,2.08,2.08,2.02,1.99,2.02,2.13,2.16,2.35,2.55,2.62,2.74,2.71,2.74,2.77
Mongolia,0.91,,,,,1.38,,,,,1.73,,,,,,,,,,,,,,,,,,,,2.54,2.69,2.62,,,,,,2.43,2.54,,,2.7,,,,,,2.88,2.68,2.77,2.9,3.08,3.13,3.2,3.26,2.88,,3.86,,,
Northern Mariana Islands,,,,,,,,,,,,,,,,,,,,,,,,,,,,,,,,,,,,,,,,0.445,,,,,,,,,,,,,,,,,,,,,,
Mozambique,0.043,,,,,0.056,,,,,0.053,,,,,,,,,,0.025,0.027,0.026,,,0.021,,,,0.028,0.012,,,,,,,,,,0.024,,,,0.026,,0.026,,,0.046,0.05,0.053,0.056,0.058,,,,0.076,0.084,0.085,0.083,0.081
Mauritania,0.024,,,,,0.027,,,,,0.056,,,,,0.055,,0.069,,,,,,,0.083,0.113,,,,,0.063,,,0.063,,0.138,,,,,,,,,0.106,,,,,0.134,0.16,,,,0.162,0.175,,0.19,0.192,,,
Mauritius,0.215,,,,,0.255,,,,,0.24,,,,,0.235,,,,,0.521,0.552,,,,0.529,,,,0.858,0.811,0.835,0.847,0.844,0.845,0.85,,,,,0.888,0.904,0.961,0.944,1.04,1.07,1.11,1.12,1.14,1.15,1.17,1.41,1.34,1.58,1.88,1.97,2.14,2.26,1.85,2.54,2.66,
Malawi,0.027,,,,,0.021,,,,,0.013,,,,,,,,,,,0.019,,,0.087,,,,,0.023,0.022,,,0.028,,,,,,,,,,0.011,0.021,,,,0.019,0.019,,,,0.013,,,0.031,,0.15,,0.049,
Malaysia,0.143,,,,,0.161,,,,,0.232,,,,,0.234,,,,,0.255,0.255,,,,0.315,0.335,0.348,0.367,0.374,0.392,0.393,0.411,0.431,0.449,0.478,0.496,0.658,,0.683,0.681,,0.723,0.735,0.72,0.776,0.828,0.876,0.907,1.08,1.15,1.25,1.3,1.56,1.49,1.5,1.59,1.81,1.89,2.06,2.23,
Namibia,,,,,,,,,,,,,,,,,,,,,,,,,,,,,,,,0.231,0.232,,,,,0.295,,,,,,,0.308,,,0.385,,,,,,,,,,0.601,0.601,,,
New Caledonia,,,,,,,,,,,,,,,,,,,,,,,,0.653,,,,,,,,,,,,,,,,1.98,,,,,,,,,,,,,,,,,,,,,,
Niger,0.011,,,,,0.016,,,,,0.017,,,,,0.016,,,,,,,,,0.025,,,,,,0.018,,0.027,,0.023,,0.024,0.035,0.033,,,,0.033,,0.022,,,,0.019,0.027,,,0.053,0.051,0.027,0.032,0.033,0.022,0.036,0.038,0.034,
Nigeria,0.017,,,,,0.043,,,,,0.05,,,,,0.049,,,,,0.113,,0.149,,,0.192,0.187,,,0.192,,,0.185,0.192,,,,,,,0.269,,,0.262,,0.279,0.344,0.373,0.371,0.373,,,,0.376,,,0.443,,0.376,0.367,,0.395
Nicaragua,0.34,,,,,0.378,,,,,0.453,,,,,0.46,,,,,0.416,0.426,,,0.637,,,,0.471,,0.657,,,,,0.82,,0.856,,,,,,0.384,,0.498,0.491,0.525,0.646,0.7,0.724,0.808,0.854,0.89,0.885,0.92,0.941,0.975,0.664,,,
Netherlands,1.1,1.1,1.1,1.1,1.1,1.2,1.2,1.2,1.2,1.2,1.2,1.3,1.4,1.4,1.5,1.6,1.7,1.7,1.8,1.8,,,,,,,,,,,2.51,2.6,,,,,,,,2.38,2.45,2.52,2.59,2.63,2.66,2.72,2.8,2.79,2.87,2.92,2.96,3.13,3.25,3.3,3.41,3.47,3.52,3.59,3.66,3.75,3.84,
Norway,1.2,,1.2,1.1,1.2,1.3,1.3,1.3,1.4,1.4,1.4,1.5,1.5,1.6,1.7,1.7,1.8,1.9,1.9,1.9,2,2,2.1,2.1,2.2,2.2,2.3,2.5,,,,2.6,2.66,2.7,2.79,2.95,3.05,3.08,3.17,3.29,3.38,3.54,3.22,3.23,3.4,3.56,3.73,3.84,3.96,4.05,4.11,4.19,4.23,4.3,4.43,4.45,4.58,4.74,4.86,4.97,5.09,5.17
Nepal,0.013,,,,,0.021,,,,,0.019,,,,,0.019,,,,,0.034,,,,0.031,0.034,,0.051,0.051,0.054,0.051,0.062,0.076,0.074,,0.04,0.04,0.04,0.04,,,0.052,,,0.207,,,,,,,,0.51,0.554,,,,0.892,0.738,0.803,0.846,0.867
Nauru,,,,,,,,,,,,,,,,,,,,,,,,,,,,,,,,,,,,1.55,,,,,,,,,0.971,,,,0.98,0.98,1.08,1.36,,,,1.25,,,,,,
New Zealand,,1.1,,,,,1.1,,,,,1.1,,1.2,,,1.3,1.4,1.4,1.5,1.6,1.6,1.6,1.7,1.7,1.7,1.8,1.8,1.9,1.9,1.87,1.89,1.9,1.92,1.98,2.05,2.05,2.18,2.23,2.25,2.23,2.18,2.13,2.18,2.19,2.11,2.27,2.3,2.46,2.58,2.63,2.65,2.71,2.82,2.89,3.05,3.15,3.3,3.35,3.39,3.45,3.52
Oman,0.03,,,,,0.038,,,,,,,,,,,,,,,,,0.549,,,,,0.834,,0.883,0.799,,,,,1.14,,0.856,0.921,0.94,1.39,1.43,1.47,1.53,1.57,1.66,1.79,1.88,1.96,2.06,2.03,1.97,2,2.01,2.16,2.13,1.96,2.01,2.1,2.09,1.99,
Pakistan,0.185,,,,,,,,,,0.232,,,,,0.233,,,,,0.285,0.344,0.342,,,,0.351,,,,0.462,0.48,0.491,0.502,0.512,0.524,0.541,0.555,0.568,0.582,0.595,0.605,,,0.682,0.725,,0.703,0.721,0.734,0.745,0.767,0.796,0.817,0.841,0.876,0.917,0.961,0.947,1.08,,
Panama,0.356,,,,,0.478,,,,,0.613,,,,,0.597,,,,,,0.993,,,1.02,1.01,,,1.79,,1.12,1.13,1.15,1.19,1.14,1.18,1.22,1.21,1.2,1.24,,1.26,1.35,1.35,1.33,1.36,1.36,1.31,1.39,1.32,1.41,1.5,1.6,1.59,,1.58,1.57,1.59,1.61,1.64,1.63,
Peru,0.51,,,,,0.605,,,,,0.521,,,,,0.526,,,,0.692,0.716,0.76,0.846,0.902,0.908,0.929,0.984,0.983,0.965,1.03,1.06,,1.03,,,0.98,,0.932,,1.14,,,,,,,,1.65,,0.94,,,1.13,,,,1.3,,1.36,,,1.65
Philippines,0.146,,,,,,,,,,0.111,,,,,0.113,,,,,0.128,0.15,,,0.154,0.154,,,,0.124,0.119,,0.108,,,,1.23,1.24,,,1.22,1.22,1.11,1.23,1.11,1.23,1.24,1.24,1.25,1.26,1.26,,,,,,,0.669,0.701,0.735,0.752,0.786
Palau,,,,,,,,,,,,,,,,,,,,,,,,,,,,,,,,,,,,,,,1.38,,,,,,,,1.33,,,1.54,1.57,,,,1.41,,,,,,1.78,
Papua New Guinea,,,,,,0.079,,,,,0.086,,,0.056,,0.085,,,,,0.062,0.062,,,,0.162,,,,,0.073,,,,,,,,0.073,,0.05,,,,,,,,0.047,,0.05,,,,,,,,0.065,0.061,,0.063
Poland,1,1,1.1,1.1,1.2,1.2,1.3,1.3,1.4,1.4,1.4,1.5,1.5,1.5,1.6,1.6,1.6,1.7,1.7,1.7,1.8,1.8,1.8,1.9,1.9,2,2,2.1,,,2.15,2.17,2.19,2.23,2.29,2.33,2.37,2.37,2.35,2.28,2.21,2.24,2.28,2.41,2.27,2.12,2.16,2.17,2.14,2.15,2.16,2.18,2.2,2.21,2.27,2.29,2.38,2.34,,,3.71,
Puerto Rico,,,,,,,,,,,,,,,,,,,,,,,,,,,,,,,,,,,,1.75,,,,,,,,,,,,,,,,,,,,,,,,,,
North Korea,,,,,,,,,,,,,,,,,,,,,,,2.55,2.51,,,,,,,,,,,,2.97,,,,,,,,3.14,,,,,3.27,,,,3.43,,3.5,,3.69,3.67,,,,
Portugal,0.8,0.8,0.9,0.8,0.8,0.9,0.9,0.9,1,0.9,0.9,1,1,1.1,1.2,1.2,1.3,1.5,1.7,1.9,,,,,,,,,,,2.8,2.84,2.86,2.87,2.89,2.92,3,3.04,3.1,3.12,3.2,3.25,3.29,3.34,3.41,3.5,3.56,3.65,3.75,3.85,3.98,4.12,4.24,4.4,4.56,4.75,4.94,5.12,5.29,5.45,5.62,
Paraguay,0.534,,,,,0.533,,,,,0.435,,,,,0.439,,,,0.563,,0.579,,,0.701,0.675,,,0.64,,0.65,0.813,,,0.28,0.73,,1.1,,,1.17,,1.2,,,,,,,,,,1.39,,,,,,1.46,,1.05,3.24
Palestine,,,,,,,,,,,,,,,,,,,,,,,,,,,,,,,,,,,,,,,0.5,,,0.837,,,,,,,,,,,,,,,,1.77,2.17,,,
French Polynesia,,,,,,,,,,,,,,,,,,,,,,,,,,1.25,,,,,,,,,,,,,,,1.7,,,,,,,,,,,,,,,,,,,,,
Qatar,,,,,,,,,,,0.513,,,,,,,,,,,0.738,,,,,1.68,,,,1.5,,,,,,1.26,1.26,,,,2.22,,,,2.53,2.28,,3.19,3.18,4.04,,,,1.93,,2.76,,2.5,,,
Romania,1.27,,,,,1.32,,,,,1.19,1.21,,1.24,,1.32,1.33,1.35,1.38,1.41,1.48,1.54,1.64,1.97,1.72,1.76,1.78,1.79,1.8,1.81,1.8,1.82,1.87,1.77,1.77,,,,1.86,,1.97,2,2.12,,2.26,2.25,2.25,2.32,2.44,2.46,2.5,2.53,2.6,2.63,,,2.26,2.97,,,,
Russia,,,,,,,,,,,,,,,,,,,,,,,,,,3.87,3.94,4,4.04,4.08,4.51,4.26,4.29,4.31,4.28,4.4,4.51,4.55,4.6,4.63,4.63,4.63,4.69,4.73,4.77,4.8,4.9,4.94,4.92,4.97,5,4.24,4.02,4,4.14,3.94,3.98,4.08,4.12,4.19,3.83,
Rwanda,0.008,,,,,0.014,,,,,0.017,,,,,0.017,,,,,0.032,0.031,,0.029,,0.027,,,,0.04,,,,0.04,,,,,,,,,0.019,,0.049,0.024,,,0.052,0.055,0.055,0.0129,,0.099,0.089,0.11,0.12,0.135,0.132,0.116,,
Saudi Arabia,0.061,,,,,0.106,,,,,0.134,,,,,,,,,,,0.55,,,,,1.35,,,,1.43,,,1.33,,,,1.66,,,0.694,0.655,,,,,,,1.67,1.65,1.92,1.97,2,2.16,2.14,2.24,2.27,2.41,2.51,2.63,2.65,2.79
Sudan,0.03,,,,,0.041,,,,,0.068,,,,,0.068,,,,,0.11,0.101,,,0.096,,0.09,,,,,,,,0.105,,0.09,,,,0.158,,,,0.262,,0.365,0.364,0.337,,,,,,,0.415,,0.263,,,,
Senegal,0.044,,,,,0.051,,,,,0.063,,,,,0.061,,,,,,0.079,0.077,,,,,,,,0.055,,0.068,,0.096,0.075,0.093,0.093,0.095,,,,,,0.056,,,,0.062,,,,,0.318,,0.207,0.078,0.07,,0.09,0.084,
Singapore,0.42,,,,,0.526,,,,,0.657,,,,,0.667,,,,,0.851,0.877,,,,0.998,0.723,,1.11,,1.27,1.32,1.35,1.39,1.41,,,,1.63,1.34,1.38,1.44,1.44,1.49,1.52,1.55,1.54,1.58,1.62,1.66,1.75,1.83,1.9,2,2.11,2.21,2.27,2.32,2.37,2.43,,
Solomon Islands,0.186,,,,,,,,,,0.205,,,,,,,,,,,,,,,,0.135,,,0.152,,,0.157,,,0.14,,,,0.129,,,,0.13,,0.185,,,0.173,,,0.197,0.152,0.184,,,0.191,,,,,
Sierra Leone,0.047,,,,,0.059,,,,,0.056,,,,,0.054,,,,,0.058,0.053,,,0.075,,,,,,,,,,,,0.073,,,,,,,,0.03,,,,0.0155,,0.021,0.025,,,,,,,0.072,,0.07,
El Salvador,0.187,,,,,,,,,,0.243,,,,,0.242,,,,,0.326,0.387,,,0.352,,,,0.647,,0.84,,,0.66,,0.91,,1.07,,1.23,,,1.32,,,1.72,,,1.9,,,,,,,,1.57,,2.94,,,2.91
San Marino,,,,,,,,,,,,,,,,,,,,,2.06,2.22,2.18,2.25,2.17,2.29,2.4,2.52,2.54,2.42,,,,,,,,,,,,,,,,,,,,,,4.77,4.96,4.92,6.02,,,,,,,
Somalia,0.024,,,,,0.027,,,,,0.037,,,,,0.038,,,,,0.046,0.041,,,0.071,,,,,,,,,0.042,,,,0.04,,,,,,,,,0.028,,,,,,,,0.023,,,,,,,
Serbia,,,,,,,,,,,,,,,,,,,,,,,,,,,,,,,,,,,,,,,,,,,,2.6,2.67,2.65,2.68,2.75,2.84,2.87,2.92,2.94,2.94,2.94,2.9,2.9,3.68,,,,,
South Sudan,,,,,,,,,,,,,,,,,,,,,,,,,,,,,,,,,,,,,,,,,,,,,,,,,,,,,,,,,,,0.04,,,
Sao Tome and Principe,0.3,,,,,,,,,,0.233,,,,,,,,,,0.438,0.419,,0.537,,,,,,0.546,0.53,,0.328,,,,0.467,,,,,,,,0.514,,,,,,,,,,,0.313,,,,0.489,,
Suriname,0.51,,,,,,,,,,0.465,,,,,,,,,,,,,,0.791,,,,,,0.75,,,0.762,,0.75,0.252,,,,0.399,,,,0.783,,,,,0.683,,,,,,1.02,1.1,1.15,0.795,,,
Slovak Republic,,,,,,,,,,,,,,,,,,,,,,,,,,,,,,,,,,,,,,,,3.32,3.24,3.23,3.2,3.15,3.15,3.04,3.17,3.39,3.37,3.3,3.36,3.3,3.36,3.39,3.43,3.45,3.47,3.42,3.52,3.57,3.67,4.63
Slovenia,,,,,,,,,,,,,,,,,,,,,1.77,,1.84,,1.86,1.88,1.88,2,2.02,2.06,2.07,2.09,2.09,2.03,2.19,2.12,2.13,2.23,2.18,2.12,2.16,2.18,2.24,2.25,2.3,2.34,2.35,2.38,2.39,2.4,2.42,2.48,2.53,2.61,2.75,2.8,2.98,3.05,3.13,3.22,3.28,
Sweden,1,1,1,1,1.1,1.1,1.1,1.2,1.2,1.3,1.3,1.4,1.5,1.5,1.6,1.7,1.8,1.9,2,2,2.2,2.3,2.3,2.4,2.6,2.6,2.8,2.8,2.8,2.8,3.25,3.37,3.48,3.58,3.68,2.84,2.86,2.87,2.93,2.97,3.03,3.12,3.21,3.28,3.37,3.45,3.53,3.62,3.68,3.75,3.81,3.88,3.95,4.02,4.09,4.16,4.22,4.27,4.33,4.29,7.06,
Eswatini,0.104,,,,,,,,,,0.124,,,,,,,,,,,,,0.053,,,,,,,0.108,,,,,,0.151,,,,,0.172,,0.151,0.16,,,,,0.158,,0.099,,,,,0.094,0.181,0.24,,0.14,
Seychelles,0.312,,,,,,,,,,0.224,,,,,0.218,,,,,,,,0.407,,0.445,,,,,,,,1.03,,,1.32,,,,,,,,1.43,1.21,0.861,1.03,0.781,1.13,1.08,1.14,0.976,,,,2.02,,2.33,2.11,,
Syria,0.216,,,,,0.185,,,,,0.259,,,,,0.256,,,,,0.446,0.463,,,,,0.807,0.783,,0.863,0.835,,,,,,,1.3,1.35,1.34,1.37,,1.46,1.39,1.43,1.52,,1.43,1.43,1.37,1.4,,,,1.45,,1.19,,,,,
Chad,0.014,,,,,0.014,,,,,0.016,,,,,,,,0.021,,,,,,,,0.026,,,0.026,,,,,0.033,,,0.026,0.02,0.029,0.029,,,,0.036,,0.036,,,,,,0.041,0.043,0.044,0.049,0.037,0.043,0.052,0.053,0.06,0.058
Togo,0.021,,,,,0.043,,,,,0.035,,,,,0.035,,,,,0.055,0.049,,,0.117,,0.085,,,,,0.088,,,0.056,0.076,,,,,,0.057,,,0.044,,,0.048,0.056,,0.0506,,,,,0.048,0.045,0.074,0.076,0.076,0.081,0.059
Thailand,0.129,,,,,0.14,,,,,0.121,,,,,,,,,,0.147,,,,0.16,,0.182,,0.21,,0.225,0.228,,0.236,,0.239,,0.272,0.291,0.291,,0.298,0.296,,0.29,,0.285,0.293,0.313,0.334,0.384,,,,,0.455,0.435,0.788,0.786,0.897,0.928,
Tajikistan,,,,,,,,,,,,,,,,,,,,,,,,,,2.53,2.56,2.58,,,2.5,2.55,2.31,2.12,2.18,2.05,1.98,1.93,2.04,2.1,2.15,2.09,2,1.9,1.91,1.92,1.88,1.86,1.9,1.62,1.68,1.7,1.71,1.69,1.71,,,,,,,
Turkmenistan,,,,,,,,,,,,,,,,,,,,,2.84,,,,,3.3,3.44,3.53,3.55,3.6,3.61,3.67,3.59,3.57,3.54,3.17,3.22,3.17,,,2.72,2.73,,2.61,2.55,2.44,2.32,2.27,2.23,2.21,2.2,2.21,2.16,2.13,2.15,,,,,,,
Timor-Leste,,,,,,,,,,,,,,,,,,,,,,,,,,,,,,,,,,,,,,,,,,,,,0.082,,,0.034,0.037,0.044,0.079,0.078,,0.613,0.676,0.689,,0.751,0.726,0.776,0.767,
Tonga,0.375,,,,,,,,,,0.256,,,,,,,,,,0.362,0.602,0.6,,,,,,,0.492,,0.508,,,,,,0.44,,,0.499,0.339,0.289,,,,,,0.533,0.579,0.54,,,0.514,,,,,,1.02,0.95,1.01
Trinidad and Tobago,0.418,,,,,0.262,,,,,0.445,,,,,0.454,,,,,0.726,0.673,,,1.04,,,,,,0.72,0.732,,0.658,0.788,0.905,0.729,0.72,0.896,0.882,0.957,0.922,0.783,0.767,,,1.16,1.11,,1.42,1.7,1.71,,,,2.49,,3.15,3.85,4.11,,3.41
Tunisia,0.1,,,,,0.125,,,,,0.169,,,,,0.169,,,,,0.271,0.275,,,,,0.461,,,,0.524,0.522,0.579,0.586,0.585,0.642,0.655,0.676,0.705,0.73,0.752,0.777,0.789,0.803,1.29,0.907,,0.998,1.08,,1.19,,,,1.24,1.27,1.24,1.26,,,,
Turkey,0.3,0.3,0.4,0.4,0.3,0.4,0.4,0.4,0.4,0.4,,,,,,,,,,,,,,,,,,,,,0.932,0.985,1.01,1.07,1.13,1.14,1.15,1.17,1.21,1.26,1.33,1.38,1.39,1.41,1.43,1.47,1.5,1.54,1.59,1.64,1.69,1.7,1.72,1.75,1.74,1.77,1.79,1.83,1.85,1.93,2.04,
Tuvalu,,,,,,,,,,,,,,,,,,,,,,,,,,,,,,,,,,,,,,,,,,,0.625,1.03,,,,,0.971,1.15,,,,,0.917,,,,,,1.26,
Tanzania,0.055,0.04,,,,0.045,,,,,0.044,,,,,0.044,,,,,,,,,0.039,0.035,,0.039,,,,,,,0.042,0.041,,,,,,,0.023,,,,,,,,,,0.031,,0.059,,,,0.05,,,
Uganda,0.074,,,,,0.09,,,,,0.108,,,,,0.108,,,,,,0.047,0.046,,0.044,,,,,0.045,,,,0.04,,,,,,,,,0.047,,0.081,0.12,,,,,,,0.098,,,0.097,,0.172,0.414,,0.158,
Ukraine,,,,,,,,,,,,,,,,,,,,,3.52,3.63,3.74,3.82,3.91,4,4.06,4.14,4.2,4.28,4.29,4.34,4.3,4.34,4.31,4.41,2.99,2.97,2.99,2.99,3.03,3.03,3.02,3.01,3.01,3.02,3.08,3.09,3.12,3.5,3.49,3.49,3.5,3.5,2.99,,,,,,,
Uruguay,1.06,,,,,1.14,,,,,1.09,,,,,1.11,,,,,,2,,,1.93,1.95,,,,,3.68,,3.23,,,3.56,3.7,,,3.75,,,3.75,,,,,,3.96,,,,,,,,3.97,4.96,,,,6.2
USA,1.1,,,,,1.2,,,,,1.2,,,,,1.3,1.3,1.3,1.4,1.4,1.5,1.5,1.6,1.6,,,1.7,1.8,1.8,1.8,1.8,1.9,1.9,1.9,,2.43,,,,,2.59,,,,2.7,,,,,,,,,,,,,,2.57,3.52,3.56,
Uzbekistan,,,,,,,,,,,,,,,,,,,,,2.67,,,,,2.69,3.25,3.32,,,3.36,3.35,3.34,3.31,3.28,3.22,3.13,3.07,3.05,,2.94,2.89,2.83,2.77,2.71,2.65,2.64,2.62,2.6,2.56,2.54,2.5,2.44,2.4,2.37,,,,,,,
St. Vincent and the Grenadines,0.1,,,,,,,,,,0.182,,,,,,,,,,,,,,0.266,,,,,,0.46,0.135,,,,0.46,,0.884,,,0.782,0.546,,,0.897,,,,,,0.659,,0.944,,,,,,,,,
Venezuela,0.666,,,,,0.815,,,,,0.883,,,,0.904,0.904,0.904,,,,0.83,0.996,0.833,,1.44,1.2,1.4,1.4,1.6,1.7,1.56,,,,,1.94,,,,,,1.93,,,,,,,,,,,,,,,,1.66,,,,
Virgin Islands (U.S.),,,,,,,,,,,,,,,,,,,,,,,,,,,,,,,1.65,,,,,1.65,,,,,,,,,,,,,,,,,,,,,,,,,,
Vietnam,,,,,,,,,,,,,,,,,,,,,0.241,0.247,,,,,1.06,,,0.391,0.404,0.407,0.437,,,,,0.569,0.48,0.515,,0.53,0.558,,,0.619,0.629,0.647,0.67,0.703,0.715,,0.826,,0.787,0.801,0.833,,,,,
Vanuatu,0.277,,,,,,,,,,0.301,,,,,,,,,,0.191,0.189,,,,,0.204,,,0.125,,0.099,,,,,,0.112,,,,,,,0.141,,,0.114,0.111,,,,0.179,,,,0.162,,,0.158,,
Samoa,0.441,,,,,,,,,,0.35,,,,,,,,,,0.361,0.404,,,,,0.28,,,0.207,,,0.365,,,,0.344,,0.33,0.659,,,,0.267,,0.265,,,0.443,,0.329,,,0.46,,,0.326,,,,0.554,
Yemen,0.023,,,,,0.032,,,,,0.029,,,,,,,,,,,0.145,,,,0.171,,,,,0.007,,,,,0.247,0.23,0.223,,,,,,,0.325,,,,0.296,0.297,,,,,0.294,,,,,,,
South Africa,,,,,,0.488,,,,,,,,,,0.539,,,0.551,,,,,,,,,0.613,,,,,0.624,,,,0.593,,,,,,,,0.717,,,,,,,,,,,,0.765,0.788,0.759,0.799,,0.809
Zambia,0.107,,,,,0.088,,,,,0.073,,,,,0.074,,,,,0.076,0.126,,0.14,,0.141,,,,,0.092,,,,,0.069,,,,,,,,,0.134,0.056,0.054,,0.062,0.06,0.061,,,,,,0.09,,0.225,0.239,0.255,0.297
Zimbabwe,0.202,,,,,0.125,,,,,0.162,,,,,0.158,,,,,0.161,0.139,,,,,,0.135,,,0.131,,,,,0.148,,,,,0.127,,,,0.172,0.124,,0.0544,0.0596,0.12,0.126,0.081,0.08,0.082,0.122,0.177,0.174,0.179,0.201,,0.189,
